{
    "name": "System",
    "children": [
        {
            "name": "Instance 1",
            "children": [
                {
                    "name": "Host 1",
                    "children": [
                        {
                            "name": "Availability",
                            "children": [
                                {
                                    "name": "HTTP Availability",
                                    "size": 100
                                },
                                {
                                    "name": "RFC Ping Availability",
                                    "size": 100
                                }
                            ],
                            "size": 200
                        },
                        {
                            "name": "Performance",
                            "size": 200,
                            "language": "Javascript"
                        }
                    ],
                    "size": 400
                }
            ],
            "size": 800
        },
        {
            "name": "Instance 2",
            "size": 800
        },
        {
            "name": "Instance 3",
            "size": 800
        },
        {
            "name": "Instance 4",
            "size": 800
        },
        {
            "name": "DB Instance",
            "size": 800
        }
    ],
    "size": 1600
}