{"d":{"results":[{"__metadata":{"uri":"https://ldcidp7.wdf.sap.corp:44370/sap/opu/odata/sap/ZSM_SYS_MON_DEMO1_SRV/Details('')","type":"ZSM_SYS_MON_DEMO1_SRV.Details"},"AlertsString":"","GlobalID":"","BupaTooltip":"","BupaOverview":"","ConfigStatusTooltip":"","ParentContextid":"","WorkmodeCode":"{\"atom\":\"vml3602\",\"size\":30, \"status\":4}|{\"atom\":\"vml3601\",\"size\":30, \"status\":4}|{\"atom\":\"DP7~ABAP~ldai1dp7_DP7_70\",\"size\":50, \"status\":4}|{\"atom\":\"DP7~ABAP~ldcidp7_DP7_70\",\"size\":50, \"status\":4}|{\"atom\":\"DP7~ABAP\",\"size\":100, \"status\":4}|{\"atom\":\"DP7\",\"size\":50, \"status\":4}|{\"atom\":\"vml3600\",\"size\":30, \"status\":4}|{\"atom\":\"Exceptions\",\"size\":10, \"status\":0}|{\"atom\":\"Exceptions\",\"size\":10, \"status\":0}|{\"atom\":\"Exceptions\",\"size\":10, \"status\":1}|{\"atom\":\"Instance Exceptions\",\"size\":5, \"status\":1}|{\"atom\":\"Frequency of Short Dumps min\",\"size\":5, \"status\":1}|{\"atom\":\"ABAP Short Dumps\",\"size\":5, \"status\":1}|{\"atom\":\"High number of ABAP system log messages\",\"size\":5, \"status\":1}|{\"atom\":\"Frequency of System Log messages min\",\"size\":5, \"status\":1}|{\"atom\":\"Exceptions\",\"size\":10, \"status\":1}|{\"atom\":\"Instance Exceptions\",\"size\":5, \"status\":1}|{\"atom\":\"Frequency of Short Dumps min\",\"size\":5, \"status\":1}|{\"atom\":\"ABAP Short Dumps\",\"size\":5, \"status\":1}|{\"atom\":\"High number of ABAP system log messages\",\"size\":5, \"status\":1}|{\"atom\":\"Frequency of System Log messages min\",\"size\":5, \"status\":1}|{\"atom\":\"Exceptions\",\"size\":10, \"status\":3}|{\"atom\":\"System Exceptions\",\"size\":5, \"status\":3}|{\"atom\":\"Number of updates in error status older 1 day\",\"size\":5, \"status\":3}|{\"atom\":\"Update Status\",\"size\":5, \"status\":1}|{\"atom\":\"Number of enqueue entries older than 1 hour\",\"size\":5, \"status\":1}|{\"atom\":\"Number of enqueue entries\",\"size\":5, \"status\":1}|{\"atom\":\"Enqueue Queue utilization\",\"size\":5, \"status\":1}|{\"atom\":\"Enqueue utilization granule entries\",\"size\":5, \"status\":1}|{\"atom\":\"Number of Enqueue Work Process Stopped\",\"size\":5, \"status\":1}|{\"atom\":\"Number of tRFC entries in status SYSFAIL\",\"size\":5, \"status\":1}|{\"atom\":\"Number of tRFC entries in status CPICERR\",\"size\":5, \"status\":1}|{\"atom\":\"Number of Short Dumps Yesterday\",\"size\":5, \"status\":1}|{\"atom\":\"Exceptions\",\"size\":10, \"status\":2}|{\"atom\":\"Database Exceptions\",\"size\":5, \"status\":2}|{\"atom\":\"Log backup status\",\"size\":5, \"status\":2}|{\"atom\":\"Days since last successful backup\",\"size\":5, \"status\":1}|{\"atom\":\"MaxDB Backup Status\",\"size\":5, \"status\":2}|{\"atom\":\"MaxDB Database Checks\",\"size\":5, \"status\":1}|{\"atom\":\"MaxDB Space Management\",\"size\":5, \"status\":1}|{\"atom\":\"Last database check status\",\"size\":5, \"status\":1}|{\"atom\":\"Time since last database check\",\"size\":5, \"status\":1}|{\"atom\":\"Used Log Space\",\"size\":5, \"status\":1}|{\"atom\":\"Used data space\",\"size\":5, \"status\":1}|{\"atom\":\"Exceptions\",\"size\":10, \"status\":0}|","Contextid":"","Name":"","ObjectType":"","WorkmodeDescr":"{\"source\":2 ,\"target\":0 ,\"bond\":1}|{\"source\":3 ,\"target\":1 ,\"bond\":1}|{\"source\":4 ,\"target\":2 ,\"bond\":1}|{\"source\":4 ,\"target\":3 ,\"bond\":1}|{\"source\":4 ,\"target\":5 ,\"bond\":1}|{\"source\":5 ,\"target\":6 ,\"bond\":1}|{\"source\":0 ,\"target\":7 ,\"bond\":1}|{\"source\":1 ,\"target\":8 ,\"bond\":1}|{\"source\":2 ,\"target\":9 ,\"bond\":1}|{\"source\":9 ,\"target\":10 ,\"bond\":1}|{\"source\":9 ,\"target\":11 ,\"bond\":1}|{\"source\":9 ,\"target\":12 ,\"bond\":1}|{\"source\":9 ,\"target\":13 ,\"bond\":1}|{\"source\":9 ,\"target\":14 ,\"bond\":1}|{\"source\":3 ,\"target\":15 ,\"bond\":1}|{\"source\":15 ,\"target\":16 ,\"bond\":1}|{\"source\":15 ,\"target\":17 ,\"bond\":1}|{\"source\":15 ,\"target\":18 ,\"bond\":1}|{\"source\":15 ,\"target\":19 ,\"bond\":1}|{\"source\":15 ,\"target\":20 ,\"bond\":1}|{\"source\":4 ,\"target\":21 ,\"bond\":1}|{\"source\":21 ,\"target\":22 ,\"bond\":1}|{\"source\":21 ,\"target\":23 ,\"bond\":1}|{\"source\":21 ,\"target\":24 ,\"bond\":1}|{\"source\":21 ,\"target\":25 ,\"bond\":1}|{\"source\":21 ,\"target\":26 ,\"bond\":1}|{\"source\":21 ,\"target\":27 ,\"bond\":1}|{\"source\":21 ,\"target\":28 ,\"bond\":1}|{\"source\":21 ,\"target\":29 ,\"bond\":1}|{\"source\":21 ,\"target\":30 ,\"bond\":1}|{\"source\":21 ,\"target\":31 ,\"bond\":1}|{\"source\":21 ,\"target\":32 ,\"bond\":1}|{\"source\":5 ,\"target\":33 ,\"bond\":1}|{\"source\":33 ,\"target\":34 ,\"bond\":1}|{\"source\":33 ,\"target\":35 ,\"bond\":1}|{\"source\":33 ,\"target\":36 ,\"bond\":1}|{\"source\":33 ,\"target\":37 ,\"bond\":1}|{\"source\":33 ,\"target\":38 ,\"bond\":1}|{\"source\":33 ,\"target\":39 ,\"bond\":1}|{\"source\":33 ,\"target\":40 ,\"bond\":1}|{\"source\":33 ,\"target\":41 ,\"bond\":1}|{\"source\":33 ,\"target\":42 ,\"bond\":1}|{\"source\":33 ,\"target\":43 ,\"bond\":1}|{\"source\":6 ,\"target\":44 ,\"bond\":1}|","IsProblemContextAvailable":"","ConfigurationStatus":""}]}}