{"d":{"results":[{"__metadata":{"uri":"https://ldcidp7.wdf.sap.corp:44370/sap/opu/odata/sap/ZSM_SYS_MON_DEMO1_SRV/Details('')","type":"ZSM_SYS_MON_DEMO1_SRV.Details"},"AlertsString":"","GlobalID":"","BupaTooltip":"","BupaOverview":"","ConfigStatusTooltip":"","ParentContextid":"","WorkmodeCode":"{\"atom\":\"vml3602\",\"size\":30, \"status\":4}|{\"atom\":\"vml3601\",\"size\":30, \"status\":4}|{\"atom\":\"DP7~ABAP~ldai1dp7_DP7_70\",\"size\":50, \"status\":4}|{\"atom\":\"DP7~ABAP~ldcidp7_DP7_70\",\"size\":50, \"status\":4}|{\"atom\":\"DP7~ABAP\",\"size\":100, \"status\":4}|{\"atom\":\"DP7\",\"size\":50, \"status\":4}|{\"atom\":\"vml3600\",\"size\":30, \"status\":4}|{\"atom\":\"Configuration\",\"size\":10, \"status\":3}|{\"atom\":\"System Configuration\",\"size\":5, \"status\":3}|{\"atom\":\"Number of ICF Service changes\",\"size\":5, \"status\":1}|{\"atom\":\"Number of installed SAP notes\",\"size\":5, \"status\":1}|{\"atom\":\"Number of changed ABAP RFC destinations demo\",\"size\":5, \"status\":1}|{\"atom\":\"Number of failed ABAP Transports\",\"size\":5, \"status\":1}|{\"atom\":\"Number of users with critical profiles\",\"size\":5, \"status\":3}|{\"atom\":\"System Global change option\",\"size\":5, \"status\":3}|{\"atom\":\"Expiring PSE certificates per instance\",\"size\":5, \"status\":3}|{\"atom\":\"Object Client~200\",\"size\":5, \"status\":3}|{\"atom\":\"Object DP7~ABAP~ldai1dp7_DP7_70\",\"size\":5, \"status\":3}|{\"atom\":\"Object DP7~ABAP~ldcidp7_DP7_70\",\"size\":5, \"status\":3}|","Contextid":"","Name":"","ObjectType":"","WorkmodeDescr":"{\"source\":2 ,\"target\":0 ,\"bond\":1}|{\"source\":3 ,\"target\":1 ,\"bond\":1}|{\"source\":4 ,\"target\":2 ,\"bond\":1}|{\"source\":4 ,\"target\":3 ,\"bond\":1}|{\"source\":4 ,\"target\":5 ,\"bond\":1}|{\"source\":5 ,\"target\":6 ,\"bond\":1}|{\"source\":4 ,\"target\":7 ,\"bond\":1}|{\"source\":7 ,\"target\":8 ,\"bond\":1}|{\"source\":7 ,\"target\":9 ,\"bond\":1}|{\"source\":7 ,\"target\":10 ,\"bond\":1}|{\"source\":7 ,\"target\":11 ,\"bond\":1}|{\"source\":7 ,\"target\":12 ,\"bond\":1}|{\"source\":7 ,\"target\":13 ,\"bond\":1}|{\"source\":7 ,\"target\":14 ,\"bond\":1}|{\"source\":7 ,\"target\":15 ,\"bond\":1}|{\"source\":7 ,\"target\":16 ,\"bond\":1}|{\"source\":7 ,\"target\":17 ,\"bond\":1}|{\"source\":7 ,\"target\":18 ,\"bond\":1}|","IsProblemContextAvailable":"","ConfigurationStatus":""}]}}