{"d":{"results":[{"__metadata":{"uri":"https://ldcidp7.wdf.sap.corp:44370/sap/opu/odata/sap/ZSM_SYS_MON_DEMO1_SRV/Details('')","type":"ZSM_SYS_MON_DEMO1_SRV.Details"},"AlertsString":"","GlobalID":"","BupaTooltip":"","BupaOverview":"","ConfigStatusTooltip":"","ParentContextid":"","WorkmodeCode":"{\"atom\":\"vml3602\",\"size\":30, \"status\":4}|{\"atom\":\"vml3601\",\"size\":30, \"status\":4}|{\"atom\":\"DP7~ABAP~ldai1dp7_DP7_70\",\"size\":50, \"status\":4}|{\"atom\":\"DP7~ABAP~ldcidp7_DP7_70\",\"size\":50, \"status\":4}|{\"atom\":\"DP7~ABAP\",\"size\":100, \"status\":4}|{\"atom\":\"DP7\",\"size\":50, \"status\":4}|{\"atom\":\"vml3600\",\"size\":30, \"status\":4}|{\"atom\":\"Availability\",\"size\":10, \"status\":0}|{\"atom\":\"Host Availability\",\"size\":5, \"status\":0}|{\"atom\":\"SAP OsCol Web Service Availability\",\"size\":5, \"status\":0}|{\"atom\":\"SAP Host Agent Web Service Availability\",\"size\":5, \"status\":0}|{\"atom\":\"SAP Host Agent Availability\",\"size\":5, \"status\":0}|{\"atom\":\"Availability\",\"size\":10, \"status\":0}|{\"atom\":\"Host Availability\",\"size\":5, \"status\":0}|{\"atom\":\"SAP OsCol Web Service Availability\",\"size\":5, \"status\":0}|{\"atom\":\"SAP Host Agent Web Service Availability\",\"size\":5, \"status\":0}|{\"atom\":\"SAP Host Agent Availability\",\"size\":5, \"status\":0}|{\"atom\":\"Availability\",\"size\":10, \"status\":0}|{\"atom\":\"Instance Availability\",\"size\":5, \"status\":0}|{\"atom\":\"Instance Status\",\"size\":5, \"status\":0}|{\"atom\":\"Instance Local Http Availability\",\"size\":5, \"status\":0}|{\"atom\":\"Instance Local RFC Availability\",\"size\":5, \"status\":0}|{\"atom\":\"ABAP Instance not available\",\"size\":5, \"status\":0}|{\"atom\":\"Status propagated from Host\",\"size\":5, \"status\":0}|{\"atom\":\"Availability\",\"size\":10, \"status\":0}|{\"atom\":\"Instance Availability\",\"size\":5, \"status\":0}|{\"atom\":\"ABAP Message Server Status\",\"size\":5, \"status\":0}|{\"atom\":\"Instance Status\",\"size\":5, \"status\":0}|{\"atom\":\"Instance Local Http Availability\",\"size\":5, \"status\":0}|{\"atom\":\"Instance Local RFC Availability\",\"size\":5, \"status\":0}|{\"atom\":\"ABAP Central Service Availability\",\"size\":5, \"status\":0}|{\"atom\":\"ABAP Instance not available\",\"size\":5, \"status\":0}|{\"atom\":\"Status propagated from Host\",\"size\":5, \"status\":0}|{\"atom\":\"Availability\",\"size\":10, \"status\":1}|{\"atom\":\"System Availability\",\"size\":5, \"status\":1}|{\"atom\":\"ABAP Message Server Http Availability\",\"size\":5, \"status\":0}|{\"atom\":\"ABAP System Remote RFC Availability\",\"size\":5, \"status\":1}|{\"atom\":\"ABAP System Availability\",\"size\":5, \"status\":1}|{\"atom\":\"Status propagated from Technical Instance\",\"size\":5, \"status\":0}|{\"atom\":\"Status propagated from Database\",\"size\":5, \"status\":1}|{\"atom\":\"Availability\",\"size\":10, \"status\":1}|{\"atom\":\"Database Availability\",\"size\":5, \"status\":1}|{\"atom\":\"DBA Cockpit MaxDB Connection Status\",\"size\":5, \"status\":1}|{\"atom\":\"MaxDB Database Availability\",\"size\":5, \"status\":1}|{\"atom\":\"Status propagated from Host\",\"size\":5, \"status\":0}|{\"atom\":\"Availability\",\"size\":10, \"status\":0}|{\"atom\":\"Host Availability\",\"size\":5, \"status\":0}|{\"atom\":\"SAP OsCol Web Service Availability\",\"size\":5, \"status\":0}|{\"atom\":\"SAP Host Agent Web Service Availability\",\"size\":5, \"status\":0}|{\"atom\":\"SAP Host Agent Availability\",\"size\":5, \"status\":0}|","Contextid":"","Name":"","ObjectType":"","WorkmodeDescr":"{\"source\":2 ,\"target\":0 ,\"bond\":1}|{\"source\":3 ,\"target\":1 ,\"bond\":1}|{\"source\":4 ,\"target\":2 ,\"bond\":1}|{\"source\":4 ,\"target\":3 ,\"bond\":1}|{\"source\":4 ,\"target\":5 ,\"bond\":1}|{\"source\":5 ,\"target\":6 ,\"bond\":1}|{\"source\":0 ,\"target\":7 ,\"bond\":1}|{\"source\":7 ,\"target\":8 ,\"bond\":1}|{\"source\":7 ,\"target\":9 ,\"bond\":1}|{\"source\":7 ,\"target\":10 ,\"bond\":1}|{\"source\":7 ,\"target\":11 ,\"bond\":1}|{\"source\":1 ,\"target\":12 ,\"bond\":1}|{\"source\":12 ,\"target\":13 ,\"bond\":1}|{\"source\":12 ,\"target\":14 ,\"bond\":1}|{\"source\":12 ,\"target\":15 ,\"bond\":1}|{\"source\":12 ,\"target\":16 ,\"bond\":1}|{\"source\":2 ,\"target\":17 ,\"bond\":1}|{\"source\":17 ,\"target\":18 ,\"bond\":1}|{\"source\":17 ,\"target\":19 ,\"bond\":1}|{\"source\":17 ,\"target\":20 ,\"bond\":1}|{\"source\":17 ,\"target\":21 ,\"bond\":1}|{\"source\":17 ,\"target\":22 ,\"bond\":1}|{\"source\":17 ,\"target\":23 ,\"bond\":1}|{\"source\":3 ,\"target\":24 ,\"bond\":1}|{\"source\":24 ,\"target\":25 ,\"bond\":1}|{\"source\":24 ,\"target\":26 ,\"bond\":1}|{\"source\":24 ,\"target\":27 ,\"bond\":1}|{\"source\":24 ,\"target\":28 ,\"bond\":1}|{\"source\":24 ,\"target\":29 ,\"bond\":1}|{\"source\":24 ,\"target\":30 ,\"bond\":1}|{\"source\":24 ,\"target\":31 ,\"bond\":1}|{\"source\":24 ,\"target\":32 ,\"bond\":1}|{\"source\":4 ,\"target\":33 ,\"bond\":1}|{\"source\":33 ,\"target\":34 ,\"bond\":1}|{\"source\":33 ,\"target\":35 ,\"bond\":1}|{\"source\":33 ,\"target\":36 ,\"bond\":1}|{\"source\":33 ,\"target\":37 ,\"bond\":1}|{\"source\":33 ,\"target\":38 ,\"bond\":1}|{\"source\":33 ,\"target\":39 ,\"bond\":1}|{\"source\":5 ,\"target\":40 ,\"bond\":1}|{\"source\":40 ,\"target\":41 ,\"bond\":1}|{\"source\":40 ,\"target\":42 ,\"bond\":1}|{\"source\":40 ,\"target\":43 ,\"bond\":1}|{\"source\":40 ,\"target\":44 ,\"bond\":1}|{\"source\":6 ,\"target\":45 ,\"bond\":1}|{\"source\":45 ,\"target\":46 ,\"bond\":1}|{\"source\":45 ,\"target\":47 ,\"bond\":1}|{\"source\":45 ,\"target\":48 ,\"bond\":1}|{\"source\":45 ,\"target\":49 ,\"bond\":1}|","IsProblemContextAvailable":"","ConfigurationStatus":""}]}}