{
  "nodes": [
    {"atom": "C", "size": 12, "status":"red"},
    {"atom": "C", "size": 82," status":"red"}, 
    {"atom": "C", "size": 12},
    {"atom": "N", "size": 14},
    {"atom": "H", "size": 1},
    {"atom": "O", "size": 16},
    {"atom": "O", "size": 16},
    {"atom": "H", "size": 1},
    {"atom": "H", "size": 1},
    {"atom": "H", "size": 1},
    {"atom": "H", "size": 1},
    {"atom": "H", "size": 1},
    {"atom": "H", "size": 1}
  ],
  "links": [
    {"source": 0, "target": 1,  "bond": 1},
    {"source": 1, "target": 2,  "bond": 1},
    {"source": 1, "target": 3,  "bond": 1},
    {"source": 2, "target": 5,  "bond": 2},
    {"source": 2, "target": 6,  "bond": 1},
    {"source": 1, "target": 4,  "bond": 1},
    {"source": 3, "target": 10, "bond": 1},
    {"source": 3, "target": 11, "bond": 1},
    {"source": 0, "target": 7,  "bond": 1},
    {"source": 0, "target": 8,  "bond": 1},
    {"source": 0, "target": 9,  "bond": 1},
    {"source": 5, "target": 6,  "bond": 1},
    {"source": 5, "target": 12, "bond": 1}
  ]
}
