{
    "d": {
        "results": [
            {
                "__metadata": {
                    "uri": "https://ldcidp7.wdf.sap.corp:44370/sap/opu/odata/sap/ZSM_SYS_MON_DEMO1_SRV/Overview(Extsid='CMB~JAVA',ContextID='0050569B00811EE19FB67BEFDED44DEB')",
                    "type": "ZSM_SYS_MON_DEMO1_SRV.Overview"
                },
                "Extsid": "CMB~JAVA",
                "SysType": "T_SYSTEM",
                "CustomerID": "",
                "PartnerID": "",
                "SystemName": "CMB~JAVA",
                "SystemDesc": "2",
                "AvailStatus": 3,
                "PerfStatus": 1,
                "ConfStatus": 1,
                "ExcpStatus": 3,
                "NumAlrts": "8",
                "CurWkmode": "JAVA",
                "ContextID": "0050569B00811EE19FB67BEFDED44DEB"
            },
            {
                "__metadata": {
                    "uri": "https://ldcidp7.wdf.sap.corp:44370/sap/opu/odata/sap/ZSM_SYS_MON_DEMO1_SRV/Overview(Extsid='DP7~ABAP',ContextID='0050569B00811EE19FF7A45FEC113FB6')",
                    "type": "ZSM_SYS_MON_DEMO1_SRV.Overview"
                },
                "Extsid": "DP7~ABAP",
                "SysType": "T_SYSTEM",
                "CustomerID": "",
                "PartnerID": "Felix Roth +49 (6227) 7-45264 felix.roth",
                "SystemName": "DP7~ABAP",
                "SystemDesc": "1",
                "AvailStatus": 1,
                "PerfStatus": 2,
                "ConfStatus": 2,
                "ExcpStatus": 3,
                "NumAlrts": "19",
                "CurWkmode": "ABAP",
                "ContextID": "0050569B00811EE19FF7A45FEC113FB6"
            },
            {
                "__metadata": {
                    "uri": "https://ldcidp7.wdf.sap.corp:44370/sap/opu/odata/sap/ZSM_SYS_MON_DEMO1_SRV/Overview(Extsid='DP7~JAVA',ContextID='0050569B00811EE1A2AC756191EAC574')",
                    "type": "ZSM_SYS_MON_DEMO1_SRV.Overview"
                },
                "Extsid": "DP7~JAVA",
                "SysType": "T_SYSTEM",
                "CustomerID": "",
                "PartnerID": "Rahul KUMAR +49 rahul.k@sap.com",
                "SystemName": "DP7~JAVA",
                "SystemDesc": "1",
                "AvailStatus": 1,
                "PerfStatus": 1,
                "ConfStatus": 1,
                "ExcpStatus": 2,
                "NumAlrts": "3",
                "CurWkmode": "JAVA",
                "ContextID": "0050569B00811EE1A2AC756191EAC574"
            },
            {
                "__metadata": {
                    "uri": "https://ldcidp7.wdf.sap.corp:44370/sap/opu/odata/sap/ZSM_SYS_MON_DEMO1_SRV/Overview(Extsid='SD7~ABAP',ContextID='0050569B00811EE19FB62549752ECDCF')",
                    "type": "ZSM_SYS_MON_DEMO1_SRV.Overview"
                },
                "Extsid": "SD7~ABAP",
                "SysType": "T_SYSTEM",
                "CustomerID": "",
                "PartnerID": "Andreas Loebel +49 (6227) 7-66088 andrea",
                "SystemName": "SD7~ABAP",
                "SystemDesc": "1",
                "AvailStatus": 0,
                "PerfStatus": 1,
                "ConfStatus": 1,
                "ExcpStatus": 1,
                "NumAlrts": "2",
                "CurWkmode": "ABAP",
                "ContextID": "0050569B00811EE19FB62549752ECDCF"
            },
            {
                "__metadata": {
                    "uri": "https://ldcidp7.wdf.sap.corp:44370/sap/opu/odata/sap/ZSM_SYS_MON_DEMO1_SRV/Overview(Extsid='SI7~ABAP',ContextID='0050569B00811EE19FB626C756D64DCF')",
                    "type": "ZSM_SYS_MON_DEMO1_SRV.Overview"
                },
                "Extsid": "SI7~ABAP",
                "SysType": "T_SYSTEM",
                "CustomerID": "",
                "PartnerID": "Rahul KUMAR +49 rahul.k@sap.com",
                "SystemName": "SI7~ABAP",
                "SystemDesc": "1",
                "AvailStatus": 0,
                "PerfStatus": 1,
                "ConfStatus": 1,
                "ExcpStatus": 1,
                "NumAlrts": "29",
                "CurWkmode": "ABAP",
                "ContextID": "0050569B00811EE19FB626C756D64DCF"
            },
            {
                "__metadata": {
                    "uri": "https://ldcidp7.wdf.sap.corp:44370/sap/opu/odata/sap/ZSM_SYS_MON_DEMO1_SRV/Overview(Extsid='C73~JAVA',ContextID='0050569B00811EE19FB67BEFDED62DEB')",
                    "type": "ZSM_SYS_MON_DEMO1_SRV.Overview"
                },
                "Extsid": "C73~JAVA",
                "SysType": "T_SYSTEM",
                "CustomerID": "",
                "PartnerID": "",
                "SystemName": "C73~JAVA",
                "SystemDesc": "2",
                "AvailStatus": 0,
                "PerfStatus": 0,
                "ConfStatus": 0,
                "ExcpStatus": 0,
                "NumAlrts": "0",
                "CurWkmode": "JAVA",
                "ContextID": "0050569B00811EE19FB67BEFDED62DEB"
            },
            {
                "__metadata": {
                    "uri": "https://ldcidp7.wdf.sap.corp:44370/sap/opu/odata/sap/ZSM_SYS_MON_DEMO1_SRV/Overview(Extsid='CTE~ABAP',ContextID='0050569B00811EE19FB627BED6190DCF')",
                    "type": "ZSM_SYS_MON_DEMO1_SRV.Overview"
                },
                "Extsid": "CTE~ABAP",
                "SysType": "T_SYSTEM",
                "CustomerID": "",
                "PartnerID": "",
                "SystemName": "CTE~ABAP",
                "SystemDesc": "1",
                "AvailStatus": 0,
                "PerfStatus": 0,
                "ConfStatus": 0,
                "ExcpStatus": 0,
                "NumAlrts": "1",
                "CurWkmode": "ABAP",
                "ContextID": "0050569B00811EE19FB627BED6190DCF"
            },
            {
                "__metadata": {
                    "uri": "https://ldcidp7.wdf.sap.corp:44370/sap/opu/odata/sap/ZSM_SYS_MON_DEMO1_SRV/Overview(Extsid='A12~ABAP',ContextID='0050569B00811EE19FB6260896B56DCF')",
                    "type": "ZSM_SYS_MON_DEMO1_SRV.Overview"
                },
                "Extsid": "A12~ABAP",
                "SysType": "T_SYSTEM",
                "CustomerID": "",
                "PartnerID": "",
                "SystemName": "A12~ABAP",
                "SystemDesc": "0",
                "AvailStatus": 0,
                "PerfStatus": 0,
                "ConfStatus": 0,
                "ExcpStatus": 0,
                "NumAlrts": "0",
                "CurWkmode": "ABAP",
                "ContextID": "0050569B00811EE19FB6260896B56DCF"
            },
            {
                "__metadata": {
                    "uri": "https://ldcidp7.wdf.sap.corp:44370/sap/opu/odata/sap/ZSM_SYS_MON_DEMO1_SRV/Overview(Extsid='A1B~ABAP',ContextID='0050569B00811ED2899B350351C31AB7')",
                    "type": "ZSM_SYS_MON_DEMO1_SRV.Overview"
                },
                "Extsid": "A1B~ABAP",
                "SysType": "T_SYSTEM",
                "CustomerID": "",
                "PartnerID": "",
                "SystemName": "A1B~ABAP",
                "SystemDesc": "0",
                "AvailStatus": 0,
                "PerfStatus": 0,
                "ConfStatus": 0,
                "ExcpStatus": 0,
                "NumAlrts": "0",
                "CurWkmode": "ABAP",
                "ContextID": "0050569B00811ED2899B350351C31AB7"
            }
        ]
    }
}